{
  "model_name": "densenet121_imagenet_finetune",
  "best_val_f1": 0.8175617836384389,
  "best_epoch": 22,
  "test_loss": 1.2041092244228557,
  "test_acc": 0.8981838194826637,
  "test_f1_macro": 0.8050135732277548,
  "test_f05_macro": 0.8078879826388903
}